	movie	date_added_kp	year	orig_name	number
0	Предвестник землетрясения	15.02.2020	2019	Earthquake Bird	1
1	Неогранённые алмазы	07.02.2020	2019	Uncut Gems	2
2	Сумка с деньгами	06.02.2020	2018	Meonibaek	3
3	Хороший лжец	01.02.2020	2019	The Good Liar	4
4	Файл PTU: Смертельная ловушка	30.01.2020	2005	PTU neui ging ji ngau yin haam jing	5
5	Выход	28.01.2020	2019	Eksiteu	6
6	Джей и Молчаливый Боб: Перезагрузка	27.01.2020	2019	Jay and Silent Bob Reboot	7
7	500 дней лета	27.01.2020	2009	(500) Days of Summer	8
8	Стокгольм, Пенсильвания	27.01.2020	2015	Stockholm, Pennsylvania	9
9	Дело Коллини	26.01.2020	2019	Der Fall Collini	10
10	Американская Мэри	25.01.2020	2012	American Mary	11
11	Профессор Марстон и его Чудо-женщины	25.01.2020	2017	Professor Marston and the Wonder Women	12
12	Женщина в огне	24.01.2020	2018	American Woman	13
13	Сиротский Бруклин	24.01.2020	2019	Motherless Brooklyn	14
14	Дождливый день в Нью-Йорке	24.01.2020	2019	A Rainy Day in New York	15
15	Корпоративные животные	22.01.2020	2019	Corporate Animals	16
16	Портрет девушки в огне	22.01.2020	2019	Portrait de la jeune fille en feu	17
17	Окей, Лекси!	22.01.2020	2019	Jexi	18
18	Ночь в осаде	22.01.2020	2019	Trauma Center	19
19	Герцог Бургундии	20.01.2020	2014	The Duke of Burgundy	20
20	Обезьяны	19.01.2020	2019	Monos	21
21	Роковое искушение	19.01.2020	2017	The Beguiled	22
22	Альфа: Право убивать	19.01.2020	2018	Alpha: The Right to Kill	23
23	Свет вокруг	19.01.2020	2005	Everything Is Illuminated	24
24	Жутко громко и запредельно близко	19.01.2020	2011	Extremely Loud & Incredibly Close	25
25	Хорошие мальчики	19.01.2020	2019	Good Boys	26
26	Хеллбой	18.01.2020	2019	Hellboy	27
27	Прощение крови	18.01.2020	2010	The Forgiveness of Blood	28
28	Француз	18.01.2020	2019		29
29	Подсобка дьявола	12.01.2020	2019	The Shed	30
30	Я мечтаю на другом языке	12.01.2020	2017	Sueño en otro idioma	31
31	Старые шпионские игры	12.01.2020	2019	Spider in the Web	32
32	Боже мой!	12.01.2020	2019	Roubaix, une lumière	33
33	Тихий шторм	12.01.2020	2014	The Silent Storm	34
34	История о супружестве	12.01.2020	2019	Marriage Story	35
35	Мысленный волк	12.01.2020	2019		36
36	Решала. Нулевые	12.01.2020	2019		37
37	Воин с золотым шестом	10.01.2020	2014	Pendekar Tongkat Emas	38
38	Страсть	10.01.2020	2000	The Right Temptation	39
39	Жаркие летние ночи	09.01.2020	2017	Hot Summer Nights	40
40	Стелс	09.01.2020	2005	Stealth	41
41	Вербо	09.01.2020	2011	Verbo	42
42	Гемини	09.01.2020	2019	Gemini Man	43
43	Зимы не будет	09.01.2020	2014		44
44	Дэниел ненастоящий	09.01.2020	2019	Daniel Isn`t Real	45
45	Одесский пароход	09.01.2020	2019		46
46	Где моя тачка, чувак?	09.01.2020	2000	Dude, Where's My Car?	47
47	Черное и синее	09.01.2020	2019	Black and Blue	48
48	Последнее соблазнение	09.01.2020	1994	The Last Seduction	49
49	Два Папы	09.01.2020	2019	The Two Popes	50
50	Кровь	08.01.2020	2018		51
51	Бассейн	08.01.2020	2002	Swimming Pool	52
52	Звериная ярость	08.01.2020	2019	Primal	53
53	Первая любовь	08.01.2020	2019	Hatsukoi	54
54	Зверь	08.01.2020	2019	Biseuteu	55
55	Простой карандаш	07.01.2020	2019		56
56	Последний бросок	07.01.2020	2018	Lazarat	57
57	Проклятый сезон	07.01.2020	2002	Dark Blue	58
58	Злодеи	07.01.2020	2019	Villains	59
59	Война токов	22.12.2019	2017	The Current War	60
60	Зелёные коты	22.12.2019	2017	Rohelised kassid	61
61	Карнавал бесчестия	22.12.2019	2006	Biyeolhan geori	62
62	Малыш на драйве	21.12.2019	2017	Baby Driver	63
63	Искусство самообороны	21.12.2019	2019	The Art of Self-Defense	64
64	Безупречность	21.12.2019	2018	The Perfection	65
65	К звёздам	21.12.2019	2019	Ad Astra	66
66	7 лет ночи	15.12.2019	2018	7nyeonui bam	67
67	Арестант no name	15.12.2019	2018	Imprisoned	68
68	Интимные места	14.12.2019	2013		69
69	Вторая	14.12.2019	2018	The Second	70
70	Ангел мой	08.12.2019	2019	Angel of Mine	71
71	Персики	08.12.2019	2017	Melocotones	72
72	Руководство по сексу на втором свидании	08.12.2019	2019	A Guide to Second Date Sex	73
73	Однажды в… Голливуде	08.12.2019	2019	Once Upon a Time... in Hollywood	74
74	Ирландец	08.12.2019	2019	The Irishman	75
75	Щегол	08.12.2019	2019	The Goldfinch	76
76	Очень плохие парни	08.12.2019	2013	Big Bad Wolves	77
77	Экстремальная работа	07.12.2019	2019	Geukhanjikeop	78
78	Райские кущи	02.12.2019	2015		79
79	Игра с огнем	02.12.2019	2019	Burn	80
80	После свадьбы	02.12.2019	2019	After the Wedding	81
81	Адская кухня	02.12.2019	2019	The Kitchen	82
82	Падение ангела	27.11.2019	2019	Angel Has Fallen	83
83	Маленькие чудовища	27.11.2019	2019	Little Monsters	84
84	Блуждающая Земля	17.11.2019	2019	Liu lang di qiu	85
85	Царство	17.11.2019	2019	Kingdom	86
86	Они	11.11.2019	2018	Haunt	87
87	Венеция зовет	11.11.2019	2019	Venise n'est pas en Italie	88
88	Соловей	11.11.2019	2018	The Nightingale	89
89	Алена	11.11.2019	2015	Alena	90
90	Идеальная кожа	11.11.2019	2018	Perfect Skin	91
91	Друг	08.11.2019	2001	Chingu	92
92	Безумные родители	30.10.2019	2017	Mom and Dad	93
93	Бойн Фолс	27.10.2019	2018	Boyne Falls	94
94	Зеровилль	27.10.2019	2019	Zeroville	95
95	Цепь убийств	27.10.2019	2019	Kill Chain	96
96	Ад	27.10.2019	2010	El infierno	97
97	Ничей	27.10.2019	2019		98
98	Гангстер, коп и дьявол	27.10.2019	2019	Akinjeon	99
99	Психометрия	27.10.2019	2013	Saikometeuri	100
100	Слепая	27.10.2019	2011	Beulraindeu	101
101	Я – убийца	27.10.2019	2012	Naega salinbeomida	102
102	Осатаневшая	27.10.2019	2010	Kim Bok-nam salinsageonui jeonmal	103
103	Полночь FM	27.10.2019	2010	Simyaui FM	104
104	Сломленный	27.10.2019	2014	Banghwanghaneun kalnal	105
105	Тень убийства	27.10.2019	2018	Amsusarin	106
106	Броуновское движение	27.10.2019	2010	Brownian Movement	107
107	Желание	27.10.2019	2013	Sowon	108
108	Орудие смерти	27.10.2019	2011	Aideul...	109
109	Голос убийцы	27.10.2019	2007	Geunom moksori	110
110	Трое из ада	21.10.2019	2019	3 from Hell	111
111	Элай	21.10.2019	2019	Eli	112
112	Сверх(НЕ)естественное	21.10.2019	2019	Extra Ordinary	113
113	Услуга	20.10.2019	2013	Favor	114
114	Елена в ящике	15.10.2019	1992	Boxing Helena	115
115	Обманчивое лето 68-го	13.10.2019	1983	Varljivo leto '68	116
116	Станционный смотритель	13.10.2019	2003	The Station Agent	117
117	Страшные истории для рассказа в темноте	13.10.2019	2019	Scary Stories to Tell in the Dark	118
118	Охота на Веронику	13.10.2019	2003	Veronica Guerin	119
119	Высокая зелёная трава	13.10.2019	2019	In the Tall Grass	120
120	Глубина	13.10.2019	2002	Below	121
121	Ода радости	13.10.2019	2019	Ode to Joy	122
122	Остаться в живых	13.10.2019	2006	Fritt vilt	123
123	Остаться в живых 3	13.10.2019	2010	Fritt vilt III	124
124	Касл-Рок (сериал)	12.10.2019	2018	Castle Rock	125
125	Идеальный хозяин	12.10.2019	2010	The Perfect Host	126
126	В одну сторону	12.10.2019	2006	One Way	127
127	Охотник за разумом (сериал)	12.10.2019	2017	Mindhunter	128
128	Нэнси	11.10.2019	2018	Nancy	129
129	Во время грозы	08.10.2019	2018	Durante la tormenta	130
130	Постельные сцены	08.10.2019	2003		131
131	Курорт для ныряльщиков на Красном море	06.10.2019	2019	The Red Sea Diving Resort	132
132	Солнцестояние	06.10.2019	2019	Midsommar	133
133	Третья персона	06.10.2019	2013	Third Person	134
134	Та, которой не было	05.10.2019	2019	Celle que vous croyez	135
135	Гнев тишины	05.10.2019	2017	Bao lie wu sheng	136
136	Соблазн	05.10.2019	2019	Sibyl	137
137	Самоизоляция	05.10.2019	2019	The Wolf Hour	138
138	Признание убийцы	05.10.2019	2017	22-nenme no kokuhaku: watashi ga satsujinhan desu	139
139	Блаженство	05.10.2019	2019	Bliss	140
140	Бог смерти	05.10.2019	2017	Matar a Dios	141
141	Боль и слава	05.10.2019	2019	Dolor y gloria	142
142	Долгий день уходит в ночь	05.10.2019	2018	Di qiu zui hou de ye wan	143
143	Грабеж	30.09.2019	2001	Heist	144
144	Учитель	29.09.2019	2015	Shi fu	145
145	Женщина на войне	28.09.2019	2018	Kona fer í stríð	146
146	Тёмная сторона	28.09.2019	2018	Bloodline	147
147	Божественная ярость	28.09.2019	2019	Saja	148
148	Человек-паук: Вдали от дома	28.09.2019	2019	Spider-Man: Far from Home	149
149	Спарринг	28.09.2019	2017	Sparring	150
150	Голый романтик	28.09.2019	2019	The Naked Wanderer	151
151	Спи со мной	27.09.2019	2005	Lie with Me	152
152	Воспоминания убийцы	25.09.2019	2017	Sarinjaui gieokbeop	153
153	Маленькое красное платье	24.09.2019	2018	In Fabric	154
154	Предатель	24.09.2019	2019	Il traditore	155
155	Смерть и жизнь Джона Ф. Донована	24.09.2019	2018	The Death & Life of John F. Donovan	156
156	Побег из сумасшедшего дома: История Нелли Блай	24.09.2019	2019	Escaping the Madhouse: The Nellie Bly Story	157
157	Бык	24.09.2019	2019		158
158	Первый король Рима	24.09.2019	2019	Il primo re	159
159	Материнский инстинкт	23.09.2019	2018	Duelles	160
160	Восхождение Юпитер	23.09.2019	2015	Jupiter Ascending	161
161	Doe	21.09.2019	2018		162
162	7 социопатов	13.09.2019	2019	7 raons per fugir	163
163	Частная военная компания	13.09.2019	2018	PMC	164
164	Русская невеста	13.09.2019	2019	The Russian Bride	165
165	Мертвые не умирают	13.09.2019	2019	The Dead Don't Die	166
166	Щепка	08.09.2019	1993	Sliver	167
167	Образование	08.09.2019	2019	Booksmart	168
168	Последствия любви	08.09.2019	2004	Le conseguenze dell'amore	169
169	Любовник	08.09.2019	2002		170
170	Убрать из друзей	08.09.2019	2015	Unfriended	171
171	Убрать из друзей: Даркнет	08.09.2019	2018	Unfriended: Dark Web	172
172	Что ни день, то неприятности	07.09.2019	2001	Trouble Every Day	173
173	Мой друг мистер Персиваль	07.09.2019	2019	Storm Boy	174
174	Мэн	07.09.2019	2018	Maine	175
175	Теория заговора	07.09.2019	2013	Zulu	176
176	В спальне	05.09.2019	2001	In the Bedroom	177
177	Мужчины Эмдена	05.09.2019	2012	Die Männer der Emden	178
178	Музыкальная глухота	05.09.2019	2019	Tone-Deaf	179
179	Ма	01.09.2019	2019	Ma	180
180	Воскрешенный Адам	01.09.2019	2008	Adam Resurrected	181
181	Гора	01.09.2019	2018	The Mountain	182
182	Миллион для чайников	01.09.2019	2011	The Brass Teapot	183
183	Мы	01.09.2019	2019	Us	184
184	Золотой сон	29.08.2019	2018	Goldeun seulreombeo	185
185	Куриоса	29.08.2019	2019	Curiosa	186
186	Стооднолетний старик, который не заплатил и исчез	29.08.2019	2016	Hundraettåringen som smet från notan och försvann	187
187	Годзилла 2: Король монстров	29.08.2019	2019	Godzilla: King of the Monsters	188
188	Юность	29.08.2019	2018	Adolescence	189
189	Нож в сердце	28.08.2019	2018	Un couteau dans le coeur	190
190	Брексит	28.08.2019	2019	Brexit: The Uncivil War	191
191	Свет моей жизни	28.08.2019	2019	Light of My Life	192
192	Ограбление президента	28.08.2019	2019	Finding Steve McQueen	193
193	Старые счеты	28.08.2019	2019	A Score to Settle	194
194	Сердце мира	28.08.2019	2018		195
195	Мужчина, женщина и стена	27.08.2019	2006	Kikareta onna no mirareta yoru	196
196	Вам звонит Градива	27.08.2019	2006	Gradiva (C'est Gradiva qui vous appelle)	197
197	Плюс один	26.08.2019	2019	Plus One	198
198	Оперативник	25.08.2019	2019	The Operative	199
199	Опасные связи	25.08.2019	1988	Dangerous Liaisons	200
200	Угоняя лошадей	25.08.2019	2019	Ut og stjæle hester	201
201	Цыпочки	25.08.2019	2004	The Heart Is Deceitful Above All Things	202
202	Божий карман	10.08.2019	2014	God's Pocket	203
203	В клетке	08.08.2019	2010	Captifs	204
204	Жизнь подонков	08.08.2019	2017	Lowlife	205
205	Голем: Начало	08.08.2019	2018	The Golem	206
206	Синонимы	06.08.2019	2019	Synonymes	207
207	Иллюзия комфорта	06.08.2019	2015	Emelie	208
208	Темная история	06.08.2019	2007	Dark Matter	209
209	Смертельная измена	06.08.2019	2003	Deadly Betrayal	210
210	Живой	03.08.2019	2006		211
211	Страна ОЗ	03.08.2019	2015		212
212	Ученик	03.08.2019	2016		213
213	Мой самый страшный кошмар	03.08.2019	2011	Mon pire cauchemar	214
214	Чистое сердце, или Киллеры на колёсах	31.07.2019	2016	Tiszta szívvel	215
215	Тело как улика	30.07.2019	1992	Body of Evidence	216
216	Секс ангелов	29.07.2019	2012	El sexo de los ángeles	217
217	Проповедь для извращенных	27.07.2019	1997	Preaching to the Perverted	218
218	Колыбельная для Беллы	27.07.2019	2010	LelleBelle	219
219	Радушие	27.07.2019	2018	Hospitality	220
220	Штучки	27.07.2019	2007	Sztuczki	221
221	Шоу Трумана	27.07.2019	1998	The Truman Show	222
222	Армия Франкенштейна	24.07.2019	2013	Frankenstein's Army	223
223	Близкие незнакомцы	24.07.2019	2018	Wanbyeokhan tain	224
224	Голоса с того света	24.07.2019	2018	Morto Não Fala	225
225	Похищая Стеллу	23.07.2019	2019	Kidnapping Stella	226
226	Чунгкингский экспресс	23.07.2019	1994	Chung Hing sam lam	227
227	Гость	23.07.2019	2015	Sonnim	228
228	Присяжная	23.07.2019	1996	The Juror	229
229	Большой брат	20.07.2019	2018	Dai si hing	230
230	Эрос	20.07.2019	2004	Eros	231
231	Поверьте мне. Похищение Лизы МакВей	20.07.2019	2018	Believe Me: The Abduction of Lisa McVey	232
232	Романс Х	15.07.2019	1999	Romance	233
233	Порнократия	15.07.2019	2003	Anatomie de l'enfer	234
234	По воле божьей	15.07.2019	2018	Grâce à Dieu	235
235	Интим	15.07.2019	2000	Intimacy	236
236	Вечеринка только начинается	15.07.2019	2018	The Party's Just Beginning	237
237	Синий бархат	15.07.2019	1986	Blue Velvet	238
238	Гайлер	14.07.2019	2017		239
239	Пил	14.07.2019	2019	Peel	240
240	В упор	14.07.2019	2019	Point Blank	241
241	Високосный год	12.07.2019	2010	Año bisiesto	242
242	Убийственное танго	11.07.2019	2002	Assassination Tango	243
243	Девственность Холли	08.07.2019	2006	Holly	244
244	СуперМакГрубер	08.07.2019	2010	MacGruber	245
245	До смерти	08.07.2019	2007	Until Death	246
246	Общественная библиотека	08.07.2019	2018	The Public	247
247	Битва за Землю	07.07.2019	2019	Captive State	248
248	Мы – легенды	07.07.2019	2008	Seuls Two	249
249	Середина 90-х	07.07.2019	2018	Mid90s	250
250	Амундсен	07.07.2019	2019	Amundsen	251
251	Травма	07.07.2019	2017	Trauma	252
252	Во всё тяжкое	07.07.2019	2018	The Professor	253
253	Плейбой под прикрытием	07.07.2019	2018	Nicky Larson et le parfum de Cupidon	254
254	Когда ангелы спят	07.07.2019	2018	Cuando los ángeles duermen	255
255	Меняющий жизнь	07.07.2019	2018	Lifechanger	256
256	Фурия	07.07.2019	2019	Hai Phuong	257
257	Concealed	07.07.2019	2017		258
258	Ничего, кроме правды	06.07.2019	2008	Nothing But the Truth	259
259	Нежность	06.07.2019	2007	Tenderness	260
260	Переводчица	06.07.2019	2005	The Interpreter	261
261	Король	06.07.2019	2005	The King	262
262	Два билета домой	06.07.2019	2018		263
263	Противостояние в Спэрроу-Крик	06.07.2019	2018	The Standoff at Sparrow Creek	264
264	Дневной свет	06.07.2019	2013	Daglicht	265
265	Воспоминания о лете	06.07.2019	2016	Wspomnienie lata	266
266	Наркобарон	01.07.2019	2018	Mayakwang	267
267	Сломленный призрак	30.06.2019	2017	Broken Ghost	268
268	Одинокий мужчина	26.06.2019	2009	A Single Man	269
269	Пакт	23.06.2019	2018	El pacto	270
270	Теснота	23.06.2019	2017		271
271	Жестокий	23.06.2019	2017	A Violent Man	272
272	Ночные забавы	23.06.2019	1991		273
273	Август	23.06.2019	2013	August: Osage County	274
274	Дикость	23.06.2019	2006	Wilderness	275
275	Вне закона	23.06.2019	2017	Outlaws	276
276	Последние любовники	23.06.2019	2016	Porto	277
277	Проект «Гутенберг»	23.06.2019	2018	Mou seung	278
278	Бизнесмены	21.06.2019	2018		279
279	Смертельный квест	20.06.2019	2018	No Escape Room	280
280	Операция «Колибри»	16.06.2019	2018	The Hummingbird Project	281
281	Злодейка	16.06.2019	2017	Aknyeo	282
282	Плохое сердце Бастера	14.06.2019	2017	Buster's Mal Heart	283
283	Ева	12.06.2019	2018	Eva	284
284	Пятнадцать минут войны	11.06.2019	2019	L'Intervention	285
285	Асса	11.06.2019	1987		286
286	Женщины на грани нервного срыва	11.06.2019	1988	"Mujeres al borde de un ataque de ""nervios"""	287
287	Обитель страха	11.06.2019	2018	The Wind	288
288	Бумажный дом (сериал)	11.06.2019	2017	La casa de papel	289
289	Золотая молодежь	10.06.2019	2019	Une jeunesse dorée	290
290	Плохой коп	08.06.2019	2019	Akjilgyeongchal	291
291	Мёбиус	08.06.2019	2013	Möbius	292
292	SuperЗять	06.06.2019	2018	Le gendre de ma vie	293
293	Домино	06.06.2019	2019	Domino	294
294	Британский психопат	06.06.2019	2019	Avengement	295
295	Звонок мертвецу	05.06.2019	2018	Abgeschnitten	296
296	Армия Шедвелла	05.06.2019	2016	ID2: Shadwell Army	297
297	Лесок	05.06.2019	2018	Little Woods	298
298	Про любовь. Только для взрослых	03.06.2019	2017		299
299	Прекрасная смоковница	03.06.2019	2008	La belle personne	300
300	Хороший мальчик	03.06.2019	2016		301
301	Ледокол	03.06.2019	2016		302
302	В объятиях лжи	26.05.2019	2018	Greta	303
303	Прорыв	25.05.2019	2018	Changgwol	304
304	Мы всегда жили в замке	25.05.2019	2017	We Have Always Lived in the Castle	305
305	Я заберу твоего мертвеца	25.05.2019	2018	I'll Take Your Dead	306
306	Экскурсия	21.05.2019	2019	Excursion	307
307	Бэк Форк	21.05.2019	2019	Back Fork	308
308	Мальчик, который обуздал ветер	21.05.2019	2019	The Boy Who Harnessed the Wind	309
309	Дом терпимости	21.05.2019	2010	L'Apollonide (Souvenirs de la maison close)	310
310	Нежная рука закона	21.05.2019	2018	En liberté!	311
311	Безжалостный	21.05.2019	2019	Lo spietato	312
312	Матриарх	21.05.2019	2018	Matriarch	313
313	Ты никогда не будешь один	21.05.2019	2016	Nunca vas a estar solo	314
314	Смертельная тропа	21.05.2019	2019	Body at Brighton Rock	315
315	Однажды в Лондоне	21.05.2019	2019	Once Upon a Time in London	316
316	Улисс: Тёмная Одиссея	21.05.2019	2018	Ulysses: A Dark Odyssey	317
317	Пункт назначения: Дьюсбери	21.05.2019	2018	Destination: Dewsbury	318
318	Ну разве не романтично?	15.05.2019	2019	Isn't It Romantic	319
319	Идентичность меча	12.05.2019	2011	Wo kou de zong ji	320
320	Опасные игры	11.05.2019	2002	The Dangerous Lives of Altar Boys	321
321	Стальная страна	11.05.2019	2018	Steel Country	322
322	Ничего себе каникулы!	11.05.2019	2018	Premières vacances	323
323	Министр	10.05.2019	2016	Il Ministro	324
324	Сторонник	09.05.2019	2018	Dokjeon	325
325	Приходи как есть	09.05.2019	2011	Hasta la Vista	326
326	Капитан	09.05.2019	2017	Der Hauptmann	327
327	Вечная	06.05.2019	2004	Eternal	328
328	Смерть Сталина	06.05.2019	2017	The Death of Stalin	329
329	Эдисон	05.05.2019	2005	Edison	330
330	Романтики «303»	04.05.2019	2018	303	331
331	Я поймал Дьявола	04.05.2019	2018	I Trapped the Devil	332
332	Большая афера	01.05.2019	2004	Beomjoeui jaeguseong	333
333	Узел смерти	01.05.2019	2016	The Clovehitch Killer	334
334	Воздушный шар	01.05.2019	2018	Ballon	335
335	Книга монстров	01.05.2019	2018	Book of Monsters	336
336	Золото Флинна	29.04.2019	2018	In Like Flynn	337
337	Охотники 2	29.04.2019	2011	Jägarna 2	338
338	Сопротивление банкира	28.04.2019	2018	Bankier van het Verzet	339
339	Даосский маг Чон У-чхи	27.04.2019	2009	Jeon Uchi	340
340	Омен: Перерождение	27.04.2019	2019	The Prodigy	341
341	Работа без авторства	27.04.2019	2018	Werk ohne Autor	342
342	Аутсайдер	27.04.2019	2002	The Outsider	343
343	Давно потерянный	27.04.2019	2018	Long Lost	344
344	Жена	23.04.2019	2017	The Wife	345
345	Родители лёгкого поведения	23.04.2019	2019	Drunk Parents	346
346	Игры разумов	23.04.2019	2018	The Professor and the Madman	347
347	Анна и апокалипсис	20.04.2019	2017	Anna and the Apocalypse	348
348	Конец дня	17.04.2019	2016	Daylight's End	349
349	Бесшабашное ограбление	17.04.2019	2002	Stark Raving Mad	350
350	Мы умираем молодыми	17.04.2019	2019	We Die Young	351
351	Секс, ложь и видео	14.04.2019	1989	Sex, Lies, and Videotape	352
352	Игрушечный пистолет	13.04.2019	2016	Toy Gun	353
353	Клаустрофобы	13.04.2019	2019	Escape Room	354
354	Месть Лиззи Борден	10.04.2019	2018	Lizzie	355
355	Хроники подопытных	10.04.2019	2015	Sureiyâzu kuronikuru	356
356	Чистокровные	10.04.2019	2017	Thoroughbreds	357
357	Стрекоза	10.04.2019	2002	Dragonfly	358
358	Охота	10.04.2019	2017	Jagveld	359
359	Пробуждение смерти	07.04.2019	2004	Wake of Death	360
360	Время возмездия	04.04.2019	2018	Destroyer	361
361	Погружение	04.04.2019	2017	Submergence	362
362	Последнее желание	30.03.2019	2018	The Final Wish	363
363	Наше время	30.03.2019	2018	Nuestro tiempo	364
364	Стеклянный замок	30.03.2019	2017	The Glass Castle	365
365	Жизнь Адель	30.03.2019	2013	La vie d'Adèle	366
366	Страсть	30.03.2019	2012	Passion	367
367	Ржавый ручей	30.03.2019	2018	Rust Creek	368
368	Тайные страсти	30.03.2019	2002	Choses secrètes	369
369	Капернаум	24.03.2019	2018	Capharnaüm	370
370	Цензор	23.03.2019	2017		371
371	Тройная угроза	23.03.2019	2019	Triple Threat	372
372	Аксиома	23.03.2019	2018	The Axiom	373
373	Власть	23.03.2019	2018	Vice	374
374	Айка	23.03.2019	2018		375
375	Вечно молодой	22.03.2019	2019	Never Grow Old	376
376	Импорт-экспорт	22.03.2019	2007	Import Export	377
377	Стена	22.03.2019	2017	The Wall	378
378	Üç Harfliler 3: Karabüyü	22.03.2019	2016		379
379	Шутки в сторону 2: Миссия в Майами	21.03.2019	2018	Le flic de Belleville	380
380	Последнее слово	21.03.2019	2016	The Last Word	381
381	Дитя во времени	20.03.2019	2017	The Child in Time	382
382	Перспектива	20.03.2019	2018	Prospect	383
383	Река	19.03.2019	2002		384
384	Остров	17.03.2019	2018	The Isle	385
385	В ожидании моря	17.03.2019	2012		386
386	Саранча	17.03.2019	2013		387
387	На границе миров	16.03.2019	2018	Gräns	388
388	Измени или умри	16.03.2019	2019	An Affair to Die For	389
389	Дикая жизнь	16.03.2019	2017	Wildlife	390
390	Птицы, которых она никогда не знала	16.03.2019	2017	Kanojo ga sono na wo shiranai toritachi	391
391	Уровень 16	14.03.2019	2018	Level 16	392
392	Белый парень Рик	11.03.2019	2018	White Boy Rick	393
393	Апрельский снег	10.03.2019	2005	Oechul	394
394	Любовница	10.03.2019	2005	Aein	395
395	Убийственная вечеринка	10.03.2019	2019	Slasher Party	396
396	Недруги	10.03.2019	2017	Hostiles	397
397	Мобильные дома	07.03.2019	2017	Mobile Homes	398
398	Фокстрот	07.03.2019	2017	Foxtrot	399
399	Неделимые	07.03.2019	2018	Indivisible	400
400	Двойное эхо	07.03.2019	2017	Double Echo	401
401	Осторожнее с желаниями	06.03.2019	2015	Careful What You Wish For	402
402	Кадавр	06.03.2019	2018	The Possession of Hannah Grace	403
403	Вернуть Бена	03.03.2019	2018	Ben Is Back	404
404	Рома	03.03.2019	2018	Roma	405
405	Гангстер	03.03.2019	1997	Hoodlum	406
406	Я — миллиардер	03.03.2019	2018	Io sono Tempesta	407
407	Костюмер	03.03.2019	2015	The Dresser	408
408	Осевшие	02.03.2019	2018	Still	409
409	Один король — одна Франция	02.03.2019	2018	Un peuple et son roi	410
410	Молодость без молодости	02.03.2019	2007	Youth Without Youth	411
411	До костей	21.02.2019	2017	To the Bone	412
412	Впусти солнце	21.02.2019	2017	Un beau soleil intérieur	413
413	Беспокойная Анна	18.02.2019	2007	Caótica Ana	414
414	Несмонтированный фильм	17.02.2019	2008	Yeonghwaneun yeonghwada	415
415	Валланцаска — ангелы зла	17.02.2019	2011	Vallanzasca - Gli angeli del male	416
416	На край света	16.02.2019	2018		417
417	Износ	16.02.2019	2018	Attrition	418
418	Фантастические твари: Преступления Грин-де-Вальда	15.02.2019	2018	Fantastic Beasts: The Crimes of Grindelwald	419
419	Магазинные воришки	14.02.2019	2018	Manbiki kazoku	420
420	Как не стать президентом	13.02.2019	2018	The Front Runner	421
421	Оверлорд	13.02.2019	2018	Overlord	422
422	Дар	12.02.2019	2010	El mal ajeno	423
423	Последняя битва	12.02.2019	2017	Journey's End	424
424	Лицо	12.02.2019	2017	Twarz	425
425	Стоянка	12.02.2019	2017	The Layover	426
426	Девица	12.02.2019	2018	Damsel	427
427	Ветер, который качает вереск	11.02.2019	2006	The Wind that Shakes the Barley	428
428	Самый жестокий год	11.02.2019	2014	A Most Violent Year	429
429	Тень	11.02.2019	2018	Ying	430
430	Химера	08.02.2019	2018	Braid	431
431	Тёмное зеркало	03.02.2019	2018	Look Away	432
432	Распутник	02.02.2019	2004	The Libertine	433
433	Пирсинг	02.02.2019	2018	Piercing	434
434	Бархатная бензопила	02.02.2019	2019	Velvet Buzzsaw	435
435	Фрэнк и Лола	02.02.2019	2015	Frank & Lola	436
436	Тень закона	02.02.2019	2018	La sombra de la ley	437
437	Букшоп	31.01.2019	2017	The Bookshop	438
438	Три дня до весны	28.01.2019	2017		439
439	Позывной «Бандерас»	28.01.2019	2018		440
440	Убийца	28.01.2019	1993	Point of No Return	441
441	Не в себе	26.01.2019	2018	Unsane	442
442	Случайный шпион	26.01.2019	2000	Dak miu mai shing	443
443	Американская пастораль	25.01.2019	2016	American Pastoral	444
444	Дикая груша	24.01.2019	2018	Ahlat Agaci	445
445	Идеальная западня	23.01.2019	2018	Welcome Home	446
446	Как сумасшедший	21.01.2019	2011	Like Crazy	447
447	Сама жизнь	21.01.2019	2018	Life Itself	448
448	Лабиринты прошлого	21.01.2019	2018	Todos lo saben	449
449	Похоть	20.01.2019	2017	Lyst	450
450	Как разговаривать с девушками на вечеринках	20.01.2019	2016	How to Talk to Girls at Parties	451
451	Пылающий	18.01.2019	2018	Beoning	452
452	Неповиновение	18.01.2019	2017	Disobedience	453
453	Старик с пистолетом	18.01.2019	2018	The Old Man & the Gun	454
454	Закону тут не место	21.12.2018	2016	L'ora legale	455
455	На колесах	20.12.2018	2006	Wo ist Fred?	456
456	Операция в Красном море	19.12.2018	2018	Hong hai xing dong	457
457	Колесо чудес	16.12.2018	2017	Wonder Wheel	458
458	Мир принадлежит тебе	15.12.2018	2018	Le monde est à toi	459
459	Крылья урагана	15.12.2018	2018	Hurricane	460
460	Мектуб, моя любовь	10.12.2018	2018	Mektoub, My Love: Canto Uno	461
461	Холодная война	08.12.2018	2018	Zimna wojna	462
462	Выжившие	08.12.2018	2017	Hostile	463
463	Таинственная стена	08.12.2018	2003	Wall of Secrets	464
464	Посредник	05.12.2018	2010	Haegyeolsa	465
465	Не оставляющий следа	04.12.2018	2008	Untraceable	466
466	Мэнди	04.12.2018	2017	Mandy	467
467	Дальше по коридору	04.12.2018	2018	Down a Dark Hall	468
468	Только представь!	03.12.2018	2012	Imagine	469
469	Адвокат	03.12.2018	2013	Byeonhoin	470
470	Настоящий	03.12.2018	2017	Rieol	471
471	Кооперация	03.12.2018	2017	Gongjo	472
472	Подставной город	03.12.2018	2017	Jojakdoen dosi	473
473	Пандора	03.12.2018	2016	Pandora	474
474	Техники	03.12.2018	2014	Gisuljadeul	475
475	Тигр	03.12.2018	2015	Daeho	476
476	Местные	02.12.2018	2017	The Domestics	477
477	Преступные связи	02.12.2018	1997	Gang Related	478
478	Роман Израэл, Esq.	23.11.2018	2017	Roman J. Israel, Esq.	479
479	Придержи тьму	22.11.2018	2018	Hold the Dark	480
480	Король вне закона	12.11.2018	2018	Outlaw King	481
481	Обнажённая ночь: Спасение	09.11.2018	2010	Nudo no yoru: Ai wa oshiminaku ubau	482
482	Дьявольские врата	04.11.2018	2017	Devil's Gate	483
483	Планета зверей	31.10.2018	2018	Dong wu shi jie	484
484	Ошибка времени	26.10.2018	2014	Time Lapse	485
485	Познать неизведанное	26.10.2018	2016	Approaching the Unknown	486
486	Не волнуйся, он далеко не уйдет	24.10.2018	2018	Don't Worry, He Won't Get Far on Foot	487
487	Слепые пятна	23.10.2018	2018	Blindspotting	488
488	Пресная вода	22.10.2018	2012	Sweetwater	489
489	Кажется, мы остались одни	20.10.2018	2018	I Think We're Alone Now	490
490	Финальный счет	20.10.2018	2018	Final Score	491
491	Свободные люди округа Джонс	20.10.2018	2016	Free State of Jones	492
492	Последний свидетель	20.10.2018	2018	The Last Witness	493
493	Ловушка времени	20.10.2018	2017	Time Trap	494
494	Чёрный 47-й	16.10.2018	2017	Black '47	495
495	Т(о)варищи на века	16.10.2018	2017	Best F(r)iends: Volume 1	496
496	Дневник пастыря	15.10.2018	2017	First Reformed	497
497	Ангелы носят белое	14.10.2018	2017	Jin nian hua	498
498	Неудачное ограбление	14.10.2018	2005	Hôrudo appu daun	499
499	Группа «Лейкопластырь»	14.10.2018	2017	Band Aid	500
500	Смерть человека на Балканах	14.10.2018	2012	Smrt coveka na Balkanu	501
501	Миссис Хайд	14.10.2018	2017	Madame Hyde	502
502	Черная кошка, белый кот	20.09.2018	1998	Crna mačka, beli mačor	503
503	Молодой Годар	16.09.2018	2017	Le Redoutable	504
504	Ты водишь!	14.09.2018	2018	Tag	505
505	Эон Флакс	01.08.2018	2005	Æon Flux	506
506	Черное золото	08.07.2018	2011	Black Gold	507
507	Вокруг света за 80 дней	05.07.2018	2004	Around the World in 80 Days	508
508	Истерия	30.06.2018	2016	Delirium	509
509	Зильс-Мария	30.06.2018	2014	Clouds of Sils Maria	510
510	Таксист	30.06.2018	1976	Taxi Driver	511
511	Захват	24.06.2018	2010	Secuestrados	512
512	Вечное возвращение	23.06.2018	2012		513
513	Со мною вот что происходит	23.06.2018	2012		514
514	Исцеление	23.06.2018	2014	De behandeling	515
515	Расплата	23.06.2018	2014	Mea culpa	516
516	Я дышу	22.06.2018	2014	Respire	517
517	Вас не догонят	22.06.2018	2001	Lost and Delirious	518
518	Чёрное море	22.06.2018	2014	Black Sea	519
519	Последний бриллиант	22.06.2018	2014	Le dernier diamant	520
520	Голоса	22.06.2018	2014	The Voices	521
521	Врожденный порок	22.06.2018	2014	Inherent Vice	522
522	Сельма	21.06.2018	2014	Selma	523
523	Территория	16.06.2018	2014		524
524	Потаскушка	15.06.2018	1984	La garce	525
525	Видео Бенни	12.06.2018	1992	Benny's Video	526
526	Секретное досье	12.06.2018	2017	The Post	527
527	Девушка из Дании	12.06.2018	2015	The Danish Girl	528
528	Коктебель	12.06.2018	2003		529
529	Убить гонца	12.06.2018	2014	Kill the Messenger	530
530	Воспоминания о будущем	12.06.2018	2014	Testament of Youth	531
531	Однажды	07.06.2018	2013		532
532	Исчезновение Сидни Холла	06.06.2018	2017	The Vanishing of Sidney Hall	533
533	Свихнувшиеся	03.06.2018	2004	Around the Bend	534
534	Семейный уик-энд	03.06.2018	2013	Family Weekend	535
535	Собибор	01.06.2018	2018		536
536	Скрытая угроза	30.05.2018	2001	Domestic Disturbance	537
537	Фрэнк	30.05.2018	2013	Frank	538
538	Орлеан	30.05.2018	2015		539
539	Куклы	30.05.2018	2002	Dolls	540
540	Монстр	30.05.2018	2003	Monster	541
541	Короткие встречи	30.05.2018	1967		542
542	Выхода нет	27.05.2018	2014	No Escape	543
543	Конец романа	26.05.2018	1999	The End of the Affair	544
544	Иррациональный человек	26.05.2018	2015	Irrational Man	545
545	Мистер Штайн идёт в онлайн	20.05.2018	2017	Un profil pour deux	546
546	Гиена	14.05.2018	2014	Hyena	547
547	Манчестер у моря	10.05.2018	2016	Manchester by the Sea	548
548	Фото за час	16.07.2017	2002	One Hour Photo	549
549	Т2 Трейнспоттинг (На игле 2)	15.07.2017	2017	T2 Trainspotting	550
550	Идеаль	15.07.2017	2016	L'idéal	551
551	Лавинг	15.07.2017	2016	Loving	552
552	Однажды в Германии	15.07.2017	2017	Es war einmal in Deutschland...	553
553	Три икса: Мировое господство	14.07.2017	2016	xXx: Return of Xander Cage	554
554	Собачья жизнь	14.07.2017	2017	A Dog's Purpose	555
555	Всегда сияй	14.07.2017	2015	Always Shine	556
556	Автобан	14.07.2017	2015	Collide	557
557	Фантастическая любовь и где ее найти	14.07.2017	2016	This Beautiful Fantastic	558
558	Игра с огнем	14.07.2017	2006	Catch a Fire	559
559	Лев	14.07.2017	2016	Lion	560
560	Гигант	14.07.2017	2016	Jättiläinen	561
561	Виновен вне подозрений	13.07.2017	1993	Guilty as Sin	562
562	Дрянная девчонка	13.07.2017	2007	My Sassy Girl	563
563	Бернард и Дорис	13.07.2017	2006	Bernard and Doris	564
564	10 000 лет до н.э.	13.07.2017	2008	10,000 BC	565
565	Жена смотрителя зоопарка	13.07.2017	2017	The Zookeeper's Wife	566
566	Уайатт Эрп	13.07.2017	1994	Wyatt Earp	567
567	Синоптик	13.07.2017	2004	The Weather Man	568
568	Молчание	13.07.2017	2016	Silence	569
569	Sex Doll	13.07.2017	2016	Sex Doll	570
570	Космос между нами	13.07.2017	2016	The Space Between Us	571
571	БайБайМэн	13.07.2017	2016	The Bye Bye Man	572
572	Без тормозов	13.07.2017	2016	À fond	573
573	Суровое испытание	13.07.2017	1996	The Crucible	574
574	Страна слепых	13.07.2017	2006	Land of the Blind	575
575	Идиократия	13.07.2017	2005	Idiocracy	576
576	Трансформация	05.05.2017	2015	Rupture	577
577	Новая попытка Кейт МакКолл	05.05.2017	2013	The Trials of Cate McCall	578
578	Инкарнация	05.05.2017	2016	Incarnate	579
579	Ограды	05.05.2017	2016	Fences	580
580	Голос монстра	05.05.2017	2016	A Monster Calls	581
581	Вне правил	05.05.2017	2016	Rules Don't Apply	582
582	Дуэль	05.05.2017	2015	The Duel	583
583	Демон внутри	05.05.2017	2016	The Autopsy of Jane Doe	584
584	Волынь	05.05.2017	2016	Wolyn	585
585	Звонки	05.05.2017	2016	Rings	586
586	Драконы Нью-Йорка	05.05.2017	2013	Revenge of the Green Dragons	587
587	Тони Эрдманн	05.05.2017	2016	Toni Erdmann	588
588	Призрачная красота	17.04.2017	2016	Collateral Beauty	589
589	Не стучи дважды	17.04.2017	2016	Don't Knock Twice	590
590	Новая эра Z	23.03.2017	2016	The Girl with All the Gifts	591
591	Сопротивление воздуха	23.03.2017	2015	La résistance de l'air	592
592	Иллюзия любви	23.03.2017	2016	Mal de pierres	593
593	Не шутите с Zоханом!	17.03.2017	2008	You Don't Mess with the Zohan	594
594	Нежить	17.03.2017	2012	Vittra	595
595	Вирус	17.03.2017	2015	Viral	596
596	Плохой Санта 2	17.03.2017	2016	Bad Santa 2	597
597	Светская жизнь	17.03.2017	2016	Café Society	598
598	Голод	16.03.2017	2009	Hunger	599
599	Мой парень – киллер	16.03.2017	2015	Mr. Right	600
600	Эволюция	16.03.2017	2015	Évolution	601
601	Визионеры	16.03.2017	2008	Visioneers	602
602	Веселый господин	09.03.2017	2008	The Merry Gentleman	603
603	Импульс	09.03.2017	2016	Urge	604
604	Мы должны выбраться из этого места	09.03.2017	2013	Bad Turn Worse	605
605	Все тайное становится явным	09.03.2017	2016	When the Bough Breaks	606
606	Хуже, чем ложь	09.03.2017	2015	Misconduct	607
607	Свет в океане	09.03.2017	2016	The Light Between Oceans	608
608	Салон Китти	09.03.2017	1975	Salon Kitty	609
609	Почта Тинто Брасса	09.03.2017	1995	Fermo posta Tinto Brass	610
610	Все леди делают это	09.03.2017	1991	Così fan tutte	611
611	Шалунья	09.03.2017	1998	Monella	612
612	С вещами на вылет!	09.03.2017	2016	Débarquement immédiat!	613
613	Ключ от преисподней	09.03.2017	2015	Baskin	614
614	Луговая страна	09.03.2017	2015	Meadowland	615
615	Механик: Воскрешение	09.03.2017	2016	Mechanic: Resurrection	616
616	В тихом омуте	09.03.2017	2016	Ma Loute	617
617	Игра Рипли	09.03.2017	2002	Ripley's Game	618
618	Такой же предатель, как и мы	09.03.2017	2015	Our Kind of Traitor	619
619	Тайный игрок	09.03.2017	2012	Shadow Dancer	620
620	31: Праздник смерти	09.03.2017	2016	31	621
621	Молодость по страховке	09.03.2017	2016	Wild Oats	622
622	Шнайдер против Бакса	09.03.2017	2015	Schneider vs. Bax	623
623	Темнота	09.03.2017	2016	The Darkness	624
624	Вуаль	09.03.2017	2015	The Veil	625
625	Человек – швейцарский нож	09.03.2017	2016	Swiss Army Man	626
626	Удалённая местность	09.03.2017	2016	Edge of Winter	627
627	И гаснет свет...	09.03.2017	2016	Lights Out	628
628	Свадебный угар	09.03.2017	2016	Mike and Dave Need Wedding Dates	629
629	Раскрашенная кожа	06.03.2017	2008	Hua pi	630
630	Раскрашенная кожа 2	06.03.2017	2012	Hua Pi 2	631
631	Открой глаза	06.03.2017	1997	Abre los ojos	632
632	Судная ночь 3	06.03.2017	2016	The Purge: Election Year	633
633	В долине Эла	06.03.2017	2007	In the Valley of Elah	634
634	Дочь Бога	06.03.2017	2015	Exposed	635
635	До встречи с тобой	06.03.2017	2016	Me Before You	636
636	Рождество	03.03.2017	2015	The Night Before	637
637	Иди и смотри	03.03.2017	1985		638
638	Ватиканские записи	03.03.2017	2015	The Vatican Tapes	639
639	С широко закрытыми глазами	03.03.2017	1999	Eyes Wide Shut	640
640	Люди Икс: Апокалипсис	03.03.2017	2016	X-Men: Apocalypse	641
641	Преследуемый	03.03.2017	1995	The Hunted	642
642	Миссия в Майами	03.03.2017	2015	Ride Along 2	643
643	Однажды в Шанхае	03.03.2017	2014	E zhan	644
644	Заклятие 2	03.03.2017	2016	The Conjuring 2	645
645	Новости с планеты Марс	03.03.2017	2016	Des nouvelles de la planète Mars	646
646	Милый Ханс, дорогой Петр	03.03.2017	2015		647
647	Джульетта	03.03.2017	2016	Julieta	648
648	Иллюзия обмана 2	03.03.2017	2016	Now You See Me 2	649
649	Сила воли	03.03.2017	2016	Race	650
650	Бэтмен против Супермена: На заре справедливости	03.03.2017	2016	Batman v Superman: Dawn of Justice	651
651	Золотая клетка	03.03.2017	2013	La jaula de oro	652
652	Прирожденные убийцы	03.03.2017	1994	Natural Born Killers	653
653	Элвис и Никсон	03.03.2017	2016	Elvis & Nixon	654
654	Транзит	03.03.2017	2011	Transit	655
655	Двое во вселенной	03.03.2017	2015	La corrispondenza	656
656	Красавчик Алфи, или Чего хотят мужчины	03.03.2017	2004	Alfie	657
657	Маргарита	03.03.2017	2015	Marguerite	658
658	Приходит дракон	03.03.2017	2016	A Dragon Arrives!	659
659	Защитник	03.03.2017	2015	Concussion	660
660	Восставший	03.03.2017	2015	Risen	661
661	Любовь	03.03.2017	2011	Love	662
662	Все будет хорошо	03.03.2017	1995		663
663	Дом Кнута	03.03.2017	1974	House of Whipcord	664
664	Адский бункер: Черное Солнце	03.03.2017	2012	Outpost: Black Sun	665
665	Зимняя спячка	03.03.2017	2014	Kis Uykusu	666
666	Контроль	03.03.2017	2003	Kontroll	667
667	Железный кулак 2	03.03.2017	2014	The Man with the Iron Fists 2	668
668	Проклятие: Начало конца	03.03.2017	2014	Ju-on: Owari no hajimari	669
669	Толстая тетрадь	03.03.2017	2013	A nagy füzet	670
670	Париж: Город мёртвых	03.03.2017	2014	As Above, So Below	671
671	Искупление	03.03.2017	2011		672
672	Призраки в Коннектикуте	03.03.2017	2009	The Haunting in Connecticut	673
673	Белая ночь	03.03.2017	2009	Baekyahaeng: hayan eodum sokeul geolda	674
674	Снайпер: Оружие возмездия (сериал)	03.03.2017	2009		675
675	Таинство	03.03.2017	2013	The Sacrament	676
676	Апокалипсис	03.03.2017	2006	Apocalypto	677
677	Неуязвимый	03.03.2017	2000	Unbreakable	678
678	Братья по оружию (сериал)	03.03.2017	2001	Band of Brothers	679
679	Тихий океан (сериал)	03.03.2017	2010	The Pacific	680
680	Дежавю	03.03.2017	2006	Deja Vu	681
681	Мирный воин	03.03.2017	2006	Peaceful Warrior	682
682	Окончательный монтаж	03.03.2017	2004	The Final Cut	683
683	Уютные норки	03.03.2017	1999	Pelíšky	684
684	Перл-Харбор	03.03.2017	2001	Pearl Harbor	685
685	38-я параллель	03.03.2017	2004	Taegeukgi hwinallimyeo	686
686	Очень опасная штучка	03.03.2017	2012	One for the Money	687
687	Великий гипнотизёр	03.03.2017	2014	Cui mian da shi	688
688	Игра на выживание	03.03.2017	2012	Gone	689
689	P.S. Я люблю тебя	03.03.2017	2007	P.S. I Love You	690
690	Пена дней	03.03.2017	2013	L'écume des jours	691
691	Околофутбола	03.03.2017	2013		692
692	Лучше не бывает	03.03.2017	1997	As Good as It Gets	693
693	Я буду рядом	03.03.2017	2012		694
694	Властелин разметки	03.03.2017	2013	Prince Avalanche	695
695	Западня	03.03.2017	1999	Entrapment	696
696	Макбет	03.03.2017	2015	Macbeth	697
697	Орудия смерти: Город костей	03.03.2017	2013	The Mortal Instruments: City of Bones	698
698	12 раундов: Перезагрузка	03.03.2017	2013	12 Rounds 2: Reloaded	699
699	Земное ядро	03.03.2017	2003	The Core	700
700	Люди как мы	03.03.2017	2012	People Like Us	701
701	Мэрайа Мунди и шкатулка Мидаса	03.03.2017	2012	The Adventurer: The Curse of the Midas Box	702
702	Бумажный человек	03.03.2017	2009	Paper Man	703
703	Небо и земля	03.03.2017	1993	Heaven & Earth	704
704	Гризли	03.03.2017	2013	Into the Grizzly Maze	705
705	Мустанг	03.03.2017	2015	Mustang	706
706	Сонатина	03.03.2017	1993	Sonatine	707
707	Цвет ночи	03.03.2017	1994	Color of Night	708
708	Супружество	03.03.2017	2007	Married Life	709
709	Снайпер 4	03.03.2017	2011	Sniper: Reloaded	710
710	Он никогда не умирал	03.03.2017	2015	He Never Died	711
711	Последние дни	03.03.2017	2005	Last Days	712
712	Джерри	03.03.2017	2002	Gerry	713
713	Плохой Санта	03.03.2017	2003	Bad Santa	714
714	Рядовой Писфул	03.03.2017	2012	Private Peaceful	715
715	Из тьмы	03.03.2017	2015	The Hallow	716
716	Боги Египта	03.03.2017	2016	Gods of Egypt	717
717	Вопросы и ответы	03.03.2017	1990	Q & A	718
718	Четвертая война	03.03.2017	1989	The Fourth War	719
719	Болото	03.03.2017	2005	Venom	720
720	Золото Ули	03.03.2017	1996	Ulee's Gold	721
721	Оборотень: Зверь среди нас	03.03.2017	2012	Werewolf: The Beast Among Us	722
722	Убийства в Черри-Фолс	03.03.2017	2000	Cherry Falls	723
723	Месть убийцы	03.03.2017	2014	Rew thalu rew	724
724	Босиком по слизнякам	03.03.2017	2010	Pieds nus sur les limaces	725
725	Черно-белый секс	03.03.2017	2012	Black & White & Sex	726
726	Роковой маршрут	03.03.2017	2014	Backcountry	727
727	А вот и она	03.03.2017	2013	And So It Goes	728
728	Моя безумная семья	03.03.2017	2011		729
729	Дом ночных призраков	03.03.2017	1999	House on Haunted Hill	730
730	Спасибо за шоколад	03.03.2017	2000	Merci pour le chocolat	731
731	Укрытие	03.03.2017	2011	Take Shelter	732
732	Кровавое лето Сэма	03.03.2017	1999	Summer of Sam	733
733	Царство красоты	03.03.2017	2014	Le règne de la beauté	734
734	Проект «Динозавр»	03.03.2017	2011	The Dinosaur Project	735
735	Заваруха в городе	03.03.2017	1984	City Heat	736
736	Крылья голубки	03.03.2017	1997	The Wings of the Dove	737
737	Синистер 2	03.03.2017	2015	Sinister 2	738
738	Любовь на линии фронта	03.03.2017	2007	The Poet	739
739	Проклятие золотого цветка	03.03.2017	2006	Man cheng jin dai huang jin jia	740
740	Стив Джобс	03.03.2017	2015	Steve Jobs	741
741	Интуиция	03.03.2017	2001	Serendipity	742
742	Прости, хочу на тебе жениться	03.03.2017	2010	Scusa ma ti voglio sposare	743
743	Прости за любовь	03.03.2017	2008	Scusa ma ti chiamo amore	744
744	Мои черничные ночи	03.03.2017	2007	My Blueberry Nights	745
745	Гнев Титанов	03.03.2017	2012	Wrath of the Titans	746
746	Идеальный мужчина	03.03.2017	2005	The Perfect Man	747
747	Коттедж	03.03.2017	2008	The Cottage	748
748	Игрок	03.03.2017	2003	Il cartaio	749
749	Соловей-Разбойник	03.03.2017	2012		750
750	Три метра над уровнем неба	03.03.2017	2010	Tres metros sobre el cielo	751
751	Больше чем секс	03.03.2017	2010	No Strings Attached	752
752	Посланник	03.03.2017	2009	The Messenger	753
753	Роковое число 23	03.03.2017	2006	The Number 23	754
754	Однажды в Риме	03.03.2017	2009	When in Rome	755
755	Принцесса де Монпансье	03.03.2017	2010	La princesse de Montpensier	756
756	Из Африки	03.03.2017	1985	Out of Africa	757
757	Клятва	03.03.2017	2012	The Vow	758
758	Я и Орсон Уэллс	03.03.2017	2009	Me and Orson Welles	759
759	Помни меня	03.03.2017	2010	Remember Me	760
760	Забивание камнями Сорайи М.	03.03.2017	2008	The Stoning of Soraya M.	761
761	Римские приключения	03.03.2017	2012	To Rome with Love	762
762	Пылающая равнина	03.03.2017	2008	The Burning Plain	763
763	Страсти Дон Жуана	03.03.2017	2013	Don Jon	764
764	Любовный переплет	03.03.2017	2012	The Oranges	765
765	Секрет	03.03.2017	2007	Bu neng shuo de. Mi mi	766
766	Макс Манус: Человек войны	03.03.2017	2008	Max Manus	767
767	Любовь: Инструкция по применению	03.03.2017	2011	Manuale d'am3re	768
768	5-я волна	03.03.2017	2016	The 5th Wave	769
769	Война супругов Роуз	03.03.2017	1989	The War of the Roses	770
770	Последние дни на Марсе	03.03.2017	2013	The Last Days on Mars	771
771	Доспехи Бога 2: Операция Кондор	03.03.2017	1991	Fei ying gai wak	772
772	Доспехи Бога 3: Миссия Зодиак	03.03.2017	2012	Chinese Zodiac	773
773	Стрела. Абсолютное оружие	03.03.2017	2011	Choejongbyeonggi hwal	774
774	Казино Джек	03.03.2017	2009	Casino Jack	775
775	Цзюй Доу	03.03.2017	1990	Ju Dou	776
776	Вероника Марс	03.03.2017	2014	Veronica Mars	777
777	Берлинское дело	03.03.2017	2013	Bereullin	778
778	Довольно добрый человек	03.03.2017	2010	En ganske snill mann	779
779	Любовь и другие лекарства	17.12.2016	2010	Love & Other Drugs	780
780	Антивирус	02.12.2016	2012	Antiviral	781
781	Париж, я люблю тебя	02.12.2016	2006	Paris, je t'aime	782
782	Мертвец идет	13.11.2016	1995	Dead Man Walking	783
783	Любовь	10.11.2016	2015	Love	784
784	Голограмма для короля	16.10.2016	2016	A Hologram for the King	785
785	Убойный огонек	06.10.2016	2015	Mi gran noche	786
786	По ту сторону двери	06.10.2016	2015	The Other Side of the Door	787
787	Человек, который хотел жить по-своему	06.10.2016	2010	L'homme qui voulait vivre sa vie	788
788	Подводное течение	06.10.2016	2004	Undertow	789
789	Контроль	06.10.2016	2004	Control	790
790	Отходная молитва	01.08.2016	1987	A Prayer for the Dying	791
791	Аномализа	31.07.2016	2015	Anomalisa	792
792	Бессонница	31.07.2016	1997	Insomnia	793
793	Церемония	25.05.2016	1995	La Cérémonie	794
794	Наемные убийцы	15.05.2016	1995	Assassins	795
795	Вторжение	14.05.2016	2006	Breaking and Entering	796
796	Счастливый брак	13.05.2016	2014	A Good Marriage	797
797	Амадор	11.05.2016	2010	Amador	798
798	Небеса в огне	11.05.2016	1997	Heaven's Burning	799
799	Пейзаж в тумане	08.05.2016	1988	Topio stin omihli	800
800	Подглядывающий	06.05.2016	1993	L'uomo che guarda	801
801	Дедушка легкого поведения	05.05.2016	2015	Dirty Grandpa	802
802	Мэнсфилд Парк	30.04.2016	1999	Mansfield Park	803
803	Эли	28.04.2016	2013	Heli	804
804	Вспоминая моих печальных шлюх	28.04.2016	2011	Memoria de mis putas tristes	805
805	Папа Гринвич-Виллидж	28.04.2016	1984	The Pope of Greenwich Village	806
806	Чудный мальчик	28.04.2016	2010	Boy Wonder	807
807	24 часа	28.04.2016	2002	Trapped	808
808	Что могло быть хуже?	18.04.2016	2001	What's the Worst That Could Happen?	809
809	Тюряга	12.04.2016	1989	Lock Up	810
810	Ты встретишь таинственного незнакомца	10.04.2016	2010	You Will Meet a Tall Dark Stranger	811
811	Ничего себе поездочка	04.04.2016	2001	Joy Ride	812
812	Правдивая история	02.04.2016	2015	True Story	813
813	Любит – не любит...	12.03.2016	2008	Homecoming	814
814	Безродные звери	03.03.2016	2015	Beasts of No Nation	815
815	Видения	29.02.2016	2014	Visions	816
816	Уличный боец	29.02.2016	2009	Street Fighter: The Legend of Chun-Li	817
817	Телохранитель	25.02.2016	2015	Maryland	818
818	Страж	25.02.2016	1990	The Guardian	819
819	Джекпот	25.02.2016	2011	Arme Riddere	820
820	Комната	21.02.2016	2015	Room	821
821	Хроника	20.02.2016	2012	Chronicle	822
822	Азбука смерти	20.02.2016	2012	The ABCs of Death	823
823	15 минут славы	15.02.2016	2001	15 Minutes	824
824	Перейти черту	11.02.2016	2010	Across the Line: The Exodus of Charlie Wright	825
825	Морпехи 3: В осаде	08.02.2016	2015	Jarhead 3: The Siege	826
826	Проповедник с пулеметом	03.02.2016	2011	Machine Gun Preacher	827
827	Коллекционер 2	02.02.2016	2012	The Collection	828
828	Конец тура	02.02.2016	2015	The End of the Tour	829
829	Взлом	02.02.2016	2015	Home Invasion	830
830	Просто кровь	20.01.2016	1983	Blood Simple	831
831	Большая белая обуза	20.01.2016	2004	The Big White	832
832	Летучий отряд Скотланд-Ярда	17.01.2016	2012	The Sweeney	833
833	Находка	10.01.2016	2015		834
834	Смертельная гонка 2: Франкенштейн жив	03.01.2016	2010	Death Race 2	835
835	О, где же ты, брат?	02.01.2016	2000	O Brother, Where Art Thou?	836
836	Хроники ломбарда	02.01.2016	2013	Pawn Shop Chronicles	837
837	Фабрика звезд	02.01.2016	1994	L'uomo delle stelle	838
838	Цветения пора	02.01.2016	1995	Lust och fägring stor	839
839	Парни что надо	30.12.2015	1983	The Right Stuff	840
840	Игра в прятки	30.12.2015	2005	Hide and Seek	841
841	Волна	28.12.2015	2015	Bølgen	842
842	Ускользающая красота	27.12.2015	1995	Stealing Beauty	843
843	Земля обетованная	24.12.2015	2012	Promised Land	844
844	Пришествие Дьявола	23.12.2015	2014	Devil's Due	845
845	Человек на проволоке	23.12.2015	2007	Man on Wire	846
846	Рукопашный бой	23.12.2015	2014	Tapped Out	847
847	Мажестик	12.12.2015	2001	The Majestic	848
848	Как жениться и остаться холостым	07.12.2015	2006	Prête-moi ta main	849
849	Леший	05.12.2015	1997	The Gingerbread Man	850
850	Идеальный шторм	04.12.2015	2000	The Perfect Storm	851
851	Почтальон всегда звонит дважды	01.12.2015	1981	The Postman Always Rings Twice	852
852	Убийства – мой конек, дорогая	01.12.2015	2009	Mord ist mein Geschäft, Liebling	853
853	Достать коротышку	29.11.2015	1995	Get Shorty	854
854	Узел дьявола	29.11.2015	2013	Devil's Knot	855
855	Битва под Орионом	26.11.2015	2009	Manatsu no Orion	856
856	Песни со второго этажа	26.11.2015	2000	Sånger från andra våningen	857
857	Открытая могила	24.11.2015	2013	Open Grave	858
858	Мой Аттила Марсель	19.11.2015	2013	Attila Marcel	859
859	Кривая линия	08.11.2015	2014	Curve	860
860	1944	08.11.2015	2015	1944	861
861	Отель «Руанда»	08.11.2015	2004	Hotel Rwanda	862
862	Три	08.11.2015	2015		863
863	Каникулы	24.10.2015	2015	Vacation	864
864	Эффект Лазаря	24.10.2015	2013	The Lazarus Effect	865
865	Отец полицейского	23.10.2015	2009	De père en flic	866
866	Камера 213	23.10.2015	2011	Cell 213	867
867	Жизнь задом наперед	20.10.2015	2007	Stuart: A Life Backwards	868
868	Призрак на продажу	13.10.2015	2010	Kill Katie Malone	869
869	В упор	13.10.2015	1986	At Close Range	870
870	Любовь – это идеальное преступление	04.10.2015	2013	L'amour est un crime parfait	871
871	Астрал 3	17.09.2015	2015	Insidious: Chapter 3	872
872	Полтергейст	16.09.2015	1982	Poltergeist	873
873	Тринадцатый этаж	12.09.2015	1999	The Thirteenth Floor	874
874	Не уходи	11.09.2015	2004	Non ti muovere	875
875	25-й час	08.09.2015	2002	25th Hour	876
876	Ботинки мертвеца	08.09.2015	2004	Dead Man's Shoes	877
877	Вымирание	07.09.2015	2015	Extinction	878
878	Хулиган	07.09.2015	2014	Hellion	879
879	Под электрическими облаками	25.08.2015	2015		880
880	Сказки юга	24.08.2015	2006	Southland Tales	881
881	Дом у озера	24.08.2015	2006	The Lake House	882
882	Здесь курят	24.08.2015	2005	Thank You for Smoking	883
883	На паузе	24.08.2015	2014	Standby	884
884	Маленькая смерть	24.08.2015	2014	The Little Death	885
885	Новая подружка	24.08.2015	2014	Une nouvelle amie	886
886	Скандинавский форсаж	24.08.2015	2014	Børning	887
887	Потерянный рай	24.08.2015	2014	Escobar: Paradise Lost	888
888	Охотник на убийц	21.08.2015	2004	Suspect Zero	889
889	По ту сторону черной радуги	19.08.2015	2010	Beyond the Black Rainbow	890
890	Адамовы яблоки	17.08.2015	2005	Adams æbler	891
891	Изгой	11.08.2015	2000	Cast Away	892
892	Последний самурай	23.07.2015	2003	The Last Samurai	893
893	Смелость любить	22.07.2015	2005	Le Courage d'aimer	894
894	Сражение за тяжёлую воду (сериал)	17.07.2015	2015	Kampen om tungtvannet	895
895	Крепись!	17.07.2015	2014	Get Hard	896
896	Прерванная жизнь	14.07.2015	1999	Girl, Interrupted	897
897	88 минут	14.07.2015	2006	88 Minutes	898
898	Темные воды	12.07.2015	2001	Honogurai mizu no soko kara	899
899	Фрида	04.07.2015	2002	Frida	900
900	Сектор – пляж «Джуно»	29.06.2015	2010	Storming Juno	901
901	U-429: Подводная тюрьма	29.06.2015	2003	In Enemy Hands	902
902	Последний урок	21.06.2015	2008	La journée de la jupe	903
903	Рататуй	18.06.2015	2006		904
904	Фанаты	16.06.2015	2004	The Football Factory	905
905	Сид: Месть восставшего	12.06.2015	2006	Seed	906
906	Стоик: Выжить любой ценой	11.06.2015	2009	Stoic	907
907	Сильмидо	09.06.2015	2003	Silmido	908
908	Трудный день	09.06.2015	2014	Kkeutkkaji ganda	909
909	Шакал	09.06.2015	1997	The Jackal	910
910	Шоссе	07.06.2015	2001	Highway	911
911	Вдаль уплывают облака	06.06.2015	1996	Kauas pilvet karkaavat	912
912	Весьегонская волчица	02.06.2015	2004		913
913	Слендер	30.05.2015	2015	Always Watching: A Marble Hornets Story	914
914	Лучшее время года	24.05.2015	2007		915
915	Антонина обернулась	24.05.2015	2007		916
916	Тормоз	18.05.2015	2002	The Cooler	917
917	Старски и Хатч	13.05.2015	2004	Starsky & Hutch	918
918	Дикие истории	11.05.2015	2014	Relatos salvajes	919
919	Дикая	08.05.2015	2014	Wild	920
920	Шелуха	04.05.2015	2010	Husk	921
921	Мертвые пташки	04.05.2015	2004	Dead Birds	922
922	Гротеск	04.05.2015	2009	Gurotesuku	923
923	Барак	28.04.2015	1999		924
924	Красное небо. Черный снег	28.04.2015	2003		925
925	Кроличьи игры	20.04.2015	2011	The Bunny Game	926
926	Несломленный	17.04.2015	2014	Unbroken	927
927	Список смертников	17.04.2015	2011	Kill List	928
928	Один против всех	17.04.2015	1998	Seul contre tous	929
929	Коррупционер	15.04.2015	1999	The Corruptor	930
930	Взлетная полоса	12.04.2015	2010	The Runway	931
931	Маскарад	11.04.2015	2012	Gwanghae, wangyidoen namja	932
932	Пятьдесят оттенков серого	09.04.2015	2015	Fifty Shades of Grey	933
933	Примесь	07.04.2015	2013	Upstream Color	934
934	Маньяк	05.04.2015	2012	Maniac	935
935	Убийство у моря	31.03.2015	2013	Tyskungen	936
936	Сутенер	30.03.2015	2009	Le mac	937
937	Хороший немец	28.03.2015	2006	The Good German	938
938	Пирамида	07.03.2015	2014	The Pyramid	939
939	Две женщины	07.03.2015	2014		940
940	Хозяин морей: На краю Земли	02.03.2015	2003	Master and Commander: The Far Side of the World	941
941	Город 44	01.03.2015	2014	Miasto 44	942
942	Секреты войны	01.03.2015	2014	Oorlogsgeheimen	943
943	Серена	23.02.2015	2014	Serena	944
944	Шепоты в ночи	22.02.2015	1992	Whispers in the Dark	945
945	Медиастан	20.02.2015	2013	Mediastan	946
946	Путешествие Гектора в поисках счастья	19.02.2015	2014	Hector and the Search for Happiness	947
947	Испытание	19.02.2015	2014		948
948	Признания опасного человека	15.02.2015	2002	Confessions of a Dangerous Mind	949
949	После любви	14.02.2015	2012	À perdre la raison	950
950	Жесть	10.02.2015	2006		951
951	Чужая	10.02.2015	2010		952
952	Ночь на Земле	02.02.2015	1991	Night on Earth	953
953	Самоубийцы	01.02.2015	2011		954
954	Братья Блум	01.02.2015	2008	The Brothers Bloom	955
955	Запекшаяся кровь	30.01.2015	1996	Curdled	956
956	Реальные кабаны	27.01.2015	2007	Wild Hogs	957
957	Юха	26.01.2015	1999	Juha	958
958	Аквариум	25.01.2015	2009	Fish Tank	959
959	Рэкетир	17.01.2015	2007		960
960	Схороните моё сердце у Вундед-Ни	10.01.2015	2007	Bury My Heart at Wounded Knee	961
961	Земля Хо!	29.12.2014	2014	Land Ho!	962
962	Турнир на выживание	25.12.2014	2009	The Tournament	963
963	Чертополох	21.12.2014	1987	Ironweed	964
964	Арн: Объединенное королевство	18.12.2014	2008	Arn: Riket vid vägens slut	965
965	Арн: Рыцарь-тамплиер	18.12.2014	2007	Arn: Tempelriddaren	966
966	Пустой дом	18.12.2014	2004	Binjip	967
967	Железный рыцарь	18.12.2014	2010	Ironclad	968
968	Тревожный вызов	14.12.2014	2013	The Call	969
969	Братство волка	06.12.2014	2001	Le Pacte des loups	970
970	Укради мою жену	24.11.2014	2013	Life of Crime	971
971	Дом убийств	23.11.2014	1988	La maison assassinée	972
972	Призраки Марса	20.11.2014	2001	Ghosts of Mars	973
973	Геракл	20.11.2014	2014	Hercules	974
974	Час призраков	18.11.2014	2012	3 A.M. 3D	975
975	Час призраков 2	18.11.2014	2014	Ti sam khuen sam 3D	976
976	Покаяние	18.11.2014	2013	Repentance	977
977	Сломленные	18.11.2014	2012	Broken	978
978	Цена страсти	16.11.2014	2011	The Ledge	979
979	Пустоши	16.11.2014	1973	Badlands	980
980	Weekend	15.11.2014	2013		981
981	Цветок зла	09.11.2014	2003	La fleur du mal	982
982	Человек ноября	04.11.2014	2014	The November Man	983
983	Поддубный	29.10.2014	2012		984
984	Хотел бы я быть здесь	20.10.2014	2014	Wish I Was Here	985
985	Том и Вайт уделывают Америку	18.10.2014	2009	Friendship!	986
986	Скандальный дневник	15.10.2014	2006	Notes on a Scandal	987
987	Белый материал	15.10.2014	2009	White Material	988
988	Дом	15.10.2014	2008	Home	989
989	Королева Марго	09.10.2014	1994	La Reine Margot	990
990	Пробуждая мертвецов	08.10.2014	2000	Waking the Dead	991
991	Грозовой перевал	08.10.2014	2009	Wuthering Heights	992
992	Мексиканец	05.10.2014	2001	The Mexican	993
993	Судная ночь 2	27.09.2014	2014	The Purge: Anarchy	994
994	Последний легион	18.09.2014	2006	The Last Legion	995
995	Фредди против Джейсона	14.09.2014	2003	Freddy vs. Jason	996
996	Кого хочу я больше	13.09.2014	2010	Cosa voglio di più	997
997	Атлантида: Конец мира, рождение легенды	09.09.2014	2011	Atlantis: End of a World, Birth of a Legend	998
998	Заставь меня содрогнуться	09.09.2014	2013	Mo 6/5 pak ma tha phi	999
999	Аттила-завоеватель (сериал)	08.09.2014	2000	Attila	1000
1000	Поселенцы	08.09.2014	2014	Squatters	1001
1001	Центурион	05.09.2014	2009	Centurion	1002
1002	Ночной сторож	02.09.2014	1994	Nattevagten	1003
1003	Никто не узнает	01.09.2014	2004	Dare mo shiranai	1004
1004	Костолом	01.09.2014	2001	Mean Machine	1005
1005	Довольно слов	30.08.2014	2013	Enough Said	1006
1006	Без истерики!	30.08.2014	2010	Hysteria	1007
1007	Я очень возбужден	28.08.2014	2013	Los amantes pasajeros	1008
1008	Грозовой перевал	23.08.2014	2011	Wuthering Heights	1009
1009	Собственность дьявола	22.08.2014	1997	The Devil's Own	1010
1010	Руины прошлого	21.08.2014	2013	Blue Ruin	1011
1011	Побеждая время	21.08.2014	2012	Hours	1012
1012	Город жизни и смерти	18.08.2014	2009	Nanjing! Nanjing!	1013
1013	5 дней в августе	12.08.2014	2011	5 Days of War	1014
1014	Игра слов: Переводчица олигарха	10.08.2014	2005		1015
1015	Операция «Мертвый снег» 2	10.08.2014	2014	Død snø 2	1016
1016	Боец	26.07.2014	2014	A Fighting Man	1017
1017	Явление	25.07.2014	2008	The Happening	1018
1018	Смертельное наследство	08.07.2014	2006	In Her Mother's Footsteps	1019
1019	Кто посеет ветер	05.07.2014	2011	Qui sème le vent	1020
1020	Лекарь: Ученик Авиценны	28.06.2014	2013	The Physician	1021
1021	Жизнь богемы	24.06.2014	1992	La vie de bohème	1022
1022	Преступление и наказание	24.06.2014	1983	Rikos ja rangaistus	1023
1023	Человек без прошлого	24.06.2014	2002	Mies vailla menneisyyttä	1024
1024	Я нанял убийцу	24.06.2014	1990	I Hired a Contract Killer	1025
1025	Сладкие оправдания	24.06.2014	2014	Tian mi sha ji	1026
1026	Интернэшнл	24.06.2014	2009	The International	1027
1027	Куприн. Яма (сериал)	23.06.2014	2014		1028
1028	Афганская ловушка	23.06.2014	2011	Le Piège Afghan	1029
1029	Жестокий ринг	19.06.2014	2013	Victor Young Perez	1030
1030	День труда	03.06.2014	2013	Labor Day	1031
1031	Невозможное	24.05.2014	2012	Lo imposible	1032
1032	Остров	24.05.2014	2000	Seom	1033
1033	Топор 2	24.05.2014	2010	Hatchet II	1034
1034	Топор	24.05.2014	2006	Hatchet	1035
1035	Роковая страсть	18.05.2014	2013	The Immigrant	1036
1036	В пасти безумия	13.05.2014	1994	In the Mouth of Madness	1037
1037	Молода и прекрасна	05.05.2014	2013	Jeune & jolie	1038
1038	Человек-мотылек	04.05.2014	2001	The Mothman Prophecies	1039
1039	Ведьмы из Сугаррамурди	04.05.2014	2013	Las brujas de Zugarramurdi	1040
1040	Дом восковых фигур	28.04.2014	2005	House of Wax	1041
1041	В белом плену	24.04.2014	2012	Into the White	1042
1042	Тело	23.04.2014	2012	El cuerpo	1043
1043	Пожираемые заживо	15.04.2014	2008	Insanitarium	1044
1044	8 миллиметров	13.04.2014	1999	8MM	1045
1045	Венецианский купец	05.04.2014	2004	The Merchant of Venice	1046
1046	Академия смерти	04.04.2014	2004	Napola - Elite für den Führer	1047
1047	Месть мертвецов	01.04.2014	2004	Shallow Ground	1048
1048	Пленницы	29.03.2014	2013	Prisoners	1049
1049	Мужские надежды	24.03.2014	2011	Muži v naději	1050
1050	Вий 3D	16.03.2014	2014		1051
1051	Кафе де Флор	14.03.2014	2011	Café de Flore	1052
1052	Северная страна	26.01.2014	2005	North Country	1053
1053	Подобный дракону	19.01.2014	2007	Ryû ga gotoku: Gekijô-ban	1054
1054	Надувная кукла	05.01.2014	2009	Kuki ningyo	1055
1055	Слепой	02.01.2014	2012	À l'aveugle	1056
1056	Удушье	21.12.2013	2008	Choke	1057
1057	Энигма	16.12.2013	2001	Enigma	1058
1058	Гагарин. Первый в космосе	15.12.2013	2013		1059
1059	Южные ночи	14.12.2013	2012		1060
1060	Тени в раю	05.12.2013	1986	Varjoja paratiisissa	1061
1061	Убей меня нежно	07.11.2013	2001	Killing Me Softly	1062
1062	БАгИ	23.10.2013	2010		1063
1063	Макс	23.10.2013	2002	Max	1064
1064	Холостяки в отрыве	20.10.2013	2013	Les gamins	1065
1065	Без сна	20.10.2013	2000	Non ho sonno	1066
1066	Катынь	09.10.2013	2007	Katyń	1067
1067	Судная ночь	09.10.2013	2013	The Purge	1068
1068	Лектор (сериал)	23.09.2013	2011		1069
1069	Мад	21.09.2013	2012	Mud	1070
1070	Тяжелый случай	20.09.2013	2006	Hard Luck	1071
1071	Дитя джунглей	10.09.2013	2011	Dschungelkind	1072
1072	Войцек	08.09.2013	1979	Woyzeck	1073
1073	Другая Земля	02.09.2013	2011	Another Earth	1074
1074	Белоснежка	01.09.2013	2012	Blancanieves	1075
1075	Роман моей жены	31.08.2013	2009	Le roman de ma femme	1076
1076	Отсчет убийств	28.08.2013	2002	Murder by Numbers	1077
1077	Страна приливов	30.07.2013	2005	Tideland	1078
1078	Адский дом	28.07.2013	2006	Películas para no dormir: Para entrar a vivir	1079
1079	Головокружение	27.07.2013	2009	Vertige	1080
1080	О Шмидте	20.07.2013	2002	About Schmidt	1081
1081	Тихий американец	20.07.2013	2001	The Quiet American	1082
1082	Девушка из Джерси	03.07.2013	2004	Jersey Girl	1083
1083	Топор 3	24.06.2013	2013	Hatchet III	1084
1084	Дьявольский особняк	17.06.2013	2003	Cold Creek Manor	1085
1085	Невыносимая жестокость	17.06.2013	2003	Intolerable Cruelty	1086
1086	Счастье мое	09.06.2013	2010		1087
1087	Девушка и волки	09.06.2013	2008	La jeune fille et les loups	1088
1088	Кровавая жатва	18.05.2013	2003	Haute tension	1089
1089	Элизабеттаун	30.04.2013	2005	Elizabethtown	1090
1090	Мой парень – псих	26.04.2013	2012	Silver Linings Playbook	1091
1091	Нетерпение чувств	20.04.2013	1980	Bad Timing	1092
1092	Отверженные	18.04.2013	2012	Les Misérables	1093
1093	Забавные игры	16.04.2013	1997	Funny Games	1094
1094	Другая жизнь женщины	16.04.2013	2012	La vie d'une autre	1095
1095	Выжить	16.04.2013	1992	Alive	1096
1096	Поездка	16.04.2013	1994	Jízda	1097
1097	Воспитание жестокости у женщин и собак	16.04.2013	1992		1098
1098	Засну, когда умру	16.04.2013	2003	I'll Sleep When I'm Dead	1099
1099	Земля мертвых	16.04.2013	2005	Land of the Dead	1100
1100	За гранью	16.04.2013	2003	Beyond Borders	1101
1101	Двойная жизнь Чарли Сан-Клауда	16.04.2013	2010	Charlie St. Cloud	1102
1102	Далеко по соседству	16.04.2013	2010	Quartier lointain	1103
1103	Всё путём	16.04.2013	2009	Everybody's Fine	1104
1104	Все любят китов	16.04.2013	2012	Big Miracle	1105
1105	Вечер	16.04.2013	2007	Evening	1106
1106	Весна 1941	16.04.2013	2007	Spring 1941	1107
1107	Осенняя соната	16.04.2013	1978	Höstsonaten	1108
1108	Сердца в Атлантиде	16.04.2013	2001	Hearts in Atlantis	1109
1109	Повар, вор, его жена и её любовник	16.04.2013	1989	The Cook, the Thief, His Wife & Her Lover	1110
1110	Ржавчина и кость	16.04.2013	2012	De rouille et d'os	1111
1111	Пещера	16.04.2013	2005	The Cave	1112
1112	Робот и Фрэнк	16.04.2013	2012	Robot & Frank	1113
1113	Руби Спаркс	16.04.2013	2012	Ruby Sparks	1114
1114	Мать	16.04.2013	2009	Madeo	1115
1115	Остановка 2: Не оглядывайся назад	16.04.2013	2008	Rest Stop: Don't Look Back	1116
1116	Остановка	16.04.2013	2006	Rest Stop	1117
1117	Лондон	16.04.2013	2005	London	1118
1118	Суррогат	16.04.2013	2012	The Sessions	1119
1119	Слова	16.04.2013	2012	The Words	1120
1120	Сейчас самое время	16.04.2013	2012	Now Is Good	1121
1121	Принцесса Аврора	16.04.2013	2005	Orora gongju	1122
1122	Одинокая белая женщина	16.04.2013	1992	Single White Female	1123
1123	Порочная страсть	16.04.2013	2012	Arbitrage	1124
1124	Улика	16.04.2013	1985	Clue	1125
1125	Поворот не туда 5: Кровное родство	16.04.2013	2012	Wrong Turn 5: Bloodlines	1126
1126	Рыжий пес	16.04.2013	2011	Red Dog	1127
1127	Простые вещи	16.04.2013	2007		1128
1128	Остаться в живых. Чудо в Андах	16.04.2013	2010	I Am Alive: Surviving the Andes Plane Crash	1129
1129	Харакири 3D	16.04.2013	2011	Ichimei	1130
1130	Семейка Тененбаум	16.04.2013	2001	The Royal Tenenbaums	1131
1131	Покидая Лас-Вегас	16.04.2013	1995	Leaving Las Vegas	1132
1132	Точка	16.04.2013	2005		1133
1133	Ни за что не умру в одиночку	16.04.2013	2008	No moriré sola	1134
1134	Мальчик с велосипедом	16.04.2013	2011	Le Gamin au vélo	1135
1135	Темная вода	16.04.2013	2005	Dark Water	1136
1136	Франклин	16.04.2013	2008	Franklyn	1137
1137	Фобия 2	16.04.2013	2009	Ha phraeng	1138
1138	Фальшивка	16.04.2013	2007	Possession	1139
1139	Сенсация	16.04.2013	2006	Scoop	1140
1140	Три цвета: Красный	16.04.2013	1994	Trois couleurs: Rouge	1141
1141	Три истории	16.04.2013	1997		1142
1142	То, что мы потеряли	16.04.2013	2007	Things We Lost in the Fire	1143
1143	Телохранитель	16.04.2013	2010	London Boulevard	1144
1144	Танцующая в темноте	16.04.2013	2000	Dancer in the Dark	1145
1145	Тайная жизнь слов	16.04.2013	2005	The Secret Life of Words	1146
1146	Стыд	16.04.2013	2011	Shame	1147
1147	Страна тигров	16.04.2013	2000	Tigerland	1148
1148	Стать Джоном Ленноном	16.04.2013	2009	Nowhere Boy	1149
1149	Спроси у пыли	16.04.2013	2005	Ask the Dust	1150
1150	Соседка	16.04.2013	2004	The Girl Next Door	1151
1151	Серафина из Санлиса	16.04.2013	2008	Séraphine	1152
1152	Сексоголик	16.04.2013	2009	Solitary Man	1153
1153	Секс по дружбе	16.04.2013	2011	Friends with Benefits	1154
1154	Самый лучший	16.04.2013	2008	The Greatest	1155
1155	Рассекая волны	16.04.2013	1996	Breaking the Waves	1156
1156	Разрисованная вуаль	16.04.2013	2006	The Painted Veil	1157
1157	Простые сложности	16.04.2013	2009	It's Complicated	1158
1158	Похороненная	16.04.2013	2009	Laid to Rest	1159
1159	Потустороннее	16.04.2013	2010	Hereafter	1160
1160	Последняя любовь на Земле	16.04.2013	2010	Perfect Sense	1161
1161	Пожиратели	16.04.2013	2011	Intruders	1162
1162	Пожары	16.04.2013	2010	Incendies	1163
1163	По версии Барни	16.04.2013	2010	Barney's Version	1164
1164	Папаша и другие	16.04.2013	2001	Daddy and Them	1165
1165	Палата	16.04.2013	2010	The Ward	1166
1166	Охотник на людей	16.04.2013	1986	Manhunter	1167
1167	Отголоски прошлого	16.04.2013	2008	Little Ashes	1168
1168	Остаться в живых 2: Воскрешение	16.04.2013	2008	Fritt vilt II	1169
1169	Остаться в живых	16.04.2013	2006	Stay Alive	1170
1170	Останься	16.04.2013	2005	Stay	1171
1171	Один день	16.04.2013	2011	One Day	1172
1172	Обещать – не значит жениться	16.04.2013	2008	He's Just Not That Into You	1173
1173	Новый Свет	16.04.2013	2005	The New World	1174
1174	Незаконченная жизнь	16.04.2013	2004	An Unfinished Life	1175
1175	Не отпускай меня	16.04.2013	2010	Never Let Me Go	1176
1176	Милый друг	16.04.2013	2012	Bel Ami	1177
1177	Месть	16.04.2013	2010	Hævnen	1178
1178	Любовь и прочие обстоятельства	16.04.2013	2009	Love and Other Impossible Pursuits	1179
1179	Любовь во время холеры	16.04.2013	2007	Love in the Time of Cholera	1180
1180	Серьёзный человек	16.04.2013	2009	A Serious Man	1181
1181	Ларри Краун	16.04.2013	2011	Larry Crowne	1182
1182	Король Артур	16.04.2013	2004	King Arthur	1183
1183	Карлос (сериал)	16.04.2013	2010	Carlos	1184
1184	Капитан Алатристе	16.04.2013	2006	Alatriste	1185
1185	Казино	16.04.2013	1995	Casino	1186
1186	Искатели могил	16.04.2013	2010	Grave Encounters	1187
1187	Изгнание	16.04.2013	2007		1188
1188	Идиоты	16.04.2013	1998	Idioterne	1189
1189	Черные бабочки	16.04.2013	2011	Black Butterflies	1190
1190	Я – Сэм	16.04.2013	2001	I Am Sam	1191
1191	Это очень забавная история	16.04.2013	2010	It's Kind of a Funny Story	1192
1192	Эта дурацкая любовь	16.04.2013	2011	Crazy, Stupid, Love.	1193
1193	Шоколад	16.04.2013	2000	Chocolat	1194
1194	Школа негодяев	16.04.2013	2006	School for Scoundrels	1195
1195	Что гложет Гилберта Грейпа?	16.04.2013	1993	What's Eating Gilbert Grape	1196
1196	Чрево	16.04.2013	2010	Womb	1197
1197	Большие надежды	16.04.2013	2012	Great Expectations	1198
1198	Аноним	16.04.2013	2011	Anonymous	1199
1199	Версия	16.04.2013	2007	Rendition	1200
1200	Венди и Люси	16.04.2013	2008	Wendy and Lucy	1201
1201	Бьютифул	16.04.2013	2009	Biutiful	1202
1202	Бобби	16.04.2013	2006	Bobby	1203
1203	Близость	16.04.2013	2004	Closer	1204
1204	Тихая гавань	16.04.2013	2013	Safe Haven	1205
